{
  "cameras": {
    "S01_c001": {
      "entry_zones": {
        "centers": [
          [
            1758.727272727273,
            440.2424242424242
          ],
          [
            272.38333333333367,
            616.65
          ],
          [
            948.3928571428571,
            302.2857142857143
          ]
        ],
        "n_clusters": 3
      },
      "exit_zones": {
        "centers": [
          [
            163.410714285714,
            439.1785714285714
          ],
          [
            1631.9074074074072,
            644.7962962962963
          ],
          [
            966.0,
            888.3333333333333
          ],
          [
            1083.7894736842104,
            294.921052631579
          ]
        ],
        "n_clusters": 4
      }
    },
    "S01_c002": {
      "entry_zones": {
        "centers": [
          [
            1683.5,
            657.3939393939395
          ],
          [
            883.4047619047618,
            181.09523809523824
          ],
          [
            335.83333333333326,
            747.5714285714287
          ]
        ],
        "n_clusters": 3
      },
      "exit_zones": {
        "centers": [
          [
            1002.0,
            167.20588235294133
          ],
          [
            185.6666666666663,
            450.5
          ],
          [
            1448.631578947368,
            914.8157894736844
          ],
          [
            375.5555555555556,
            892.7222222222222
          ]
        ],
        "n_clusters": 4
      }
    },
    "S01_c003": {
      "entry_zones": {
        "centers": [
          [
            1747.6874999999995,
            524.3875
          ],
          [
            725.4062499999997,
            190.625
          ],
          [
            225.54999999999973,
            564.45
          ]
        ],
        "n_clusters": 3
      },
      "exit_zones": {
        "centers": [
          [
            1065.5666666666668,
            157.71666666666658
          ],
          [
            226.02777777777817,
            628.1388888888887
          ],
          [
            1738.2187500000005,
            420.0625
          ]
        ],
        "n_clusters": 3
      }
    },
    "S02_c006": {
      "entry_zones": {
        "centers": [
          [
            1774.0648148148143,
            452.83333333333326
          ],
          [
            795.2142857142853,
            247.2999999999999
          ]
        ],
        "n_clusters": 2
      },
      "exit_zones": {
        "centers": [
          [
            1440.225490196078,
            215.54901960784304
          ],
          [
            219.84615384615358,
            788.2179487179485
          ],
          [
            679.1029411764707,
            863.3970588235292
          ]
        ],
        "n_clusters": 3
      }
    },
    "S02_c007": {
      "entry_zones": {
        "centers": [
          [
            1651.166666666667,
            430.4444444444444
          ],
          [
            440.50000000000034,
            409.5833333333333
          ]
        ],
        "n_clusters": 2
      },
      "exit_zones": {
        "centers": [
          [
            245.87341772151916,
            467.93037974683546
          ],
          [
            1208.5000000000002,
            446.54545454545456
          ]
        ],
        "n_clusters": 2
      }
    },
    "S02_c008": {
      "entry_zones": {
        "centers": [
          [
            1083.75,
            605.0625
          ],
          [
            1709.116071428571,
            482.23214285714295
          ],
          [
            472.67857142857133,
            847.8214285714287
          ],
          [
            447.42857142857133,
            285.1428571428572
          ]
        ],
        "n_clusters": 4
      },
      "exit_zones": {
        "centers": [
          [
            294.46363636363606,
            424.6
          ],
          [
            1455.0681818181815,
            781.2045454545454
          ]
        ],
        "n_clusters": 2
      }
    }
  },
  "transitions": {
    "S01_c003|exit|0|S01_c002|entry|2": 14,
    "S01_c003|exit|0|S01_c001|entry|0": 22,
    "S01_c002|exit|2|S01_c003|entry|0": 14,
    "S01_c002|exit|2|S01_c001|entry|0": 15,
    "S01_c001|exit|0|S01_c003|entry|0": 27,
    "S01_c001|exit|0|S01_c002|entry|2": 14,
    "S01_c003|exit|0|S01_c001|entry|2": 7,
    "S01_c001|exit|3|S01_c003|entry|0": 2,
    "S01_c003|exit|1|S01_c002|entry|0": 29,
    "S01_c003|exit|1|S01_c001|entry|1": 24,
    "S01_c002|exit|1|S01_c003|entry|1": 21,
    "S01_c002|exit|1|S01_c001|entry|1": 21,
    "S01_c001|exit|1|S01_c003|entry|1": 21,
    "S01_c001|exit|1|S01_c002|entry|0": 26,
    "S01_c002|exit|0|S01_c003|entry|1": 4,
    "S01_c002|exit|0|S01_c001|entry|1": 3,
    "S01_c001|exit|2|S01_c003|entry|1": 3,
    "S01_c001|exit|2|S01_c002|entry|0": 3,
    "S01_c003|exit|1|S01_c001|entry|2": 6,
    "S01_c002|exit|0|S01_c003|entry|0": 10,
    "S01_c002|exit|0|S01_c001|entry|2": 5,
    "S01_c001|exit|1|S01_c003|entry|0": 6,
    "S01_c003|exit|2|S01_c002|entry|1": 9,
    "S01_c003|exit|2|S01_c001|entry|0": 10,
    "S01_c002|exit|3|S01_c003|entry|2": 9,
    "S01_c002|exit|3|S01_c001|entry|0": 9,
    "S01_c001|exit|3|S01_c003|entry|2": 9,
    "S01_c001|exit|3|S01_c002|entry|1": 9,
    "S01_c003|exit|0|S01_c002|entry|1": 1,
    "S01_c002|exit|2|S01_c003|entry|2": 1,
    "S01_c001|exit|0|S01_c003|entry|2": 1,
    "S01_c001|exit|0|S01_c002|entry|1": 1,
    "S01_c003|exit|2|S01_c002|entry|0": 4,
    "S01_c003|exit|2|S01_c001|entry|1": 6,
    "S01_c002|exit|2|S01_c003|entry|1": 4,
    "S01_c002|exit|2|S01_c001|entry|1": 4,
    "S01_c001|exit|3|S01_c003|entry|1": 6,
    "S01_c001|exit|3|S01_c002|entry|0": 4,
    "S01_c003|exit|1|S01_c002|entry|2": 7,
    "S01_c002|exit|1|S01_c003|entry|0": 1,
    "S01_c002|exit|1|S01_c001|entry|2": 1,
    "S01_c001|exit|1|S01_c002|entry|2": 1,
    "S02_c006|exit|2|S02_c008|entry|1": 2,
    "S02_c006|exit|2|S02_c007|entry|0": 33,
    "S02_c008|exit|1|S02_c006|entry|1": 29,
    "S02_c008|exit|1|S02_c007|entry|0": 34,
    "S02_c007|exit|0|S02_c006|entry|1": 61,
    "S02_c007|exit|0|S02_c008|entry|1": 5,
    "S02_c006|exit|1|S02_c007|entry|0": 34,
    "S02_c006|exit|2|S02_c008|entry|2": 27,
    "S02_c007|exit|0|S02_c008|entry|2": 27,
    "S02_c006|exit|0|S02_c008|entry|1": 42,
    "S02_c008|exit|0|S02_c006|entry|0": 47,
    "S02_c006|exit|1|S02_c007|entry|1": 5,
    "S02_c007|exit|1|S02_c006|entry|1": 9,
    "S02_c006|exit|0|S02_c008|entry|0": 7,
    "S02_c006|exit|2|S02_c008|entry|0": 1,
    "S02_c007|exit|0|S02_c008|entry|0": 1,
    "S02_c006|exit|0|S02_c007|entry|1": 3,
    "S02_c008|exit|0|S02_c006|entry|1": 3,
    "S02_c008|exit|0|S02_c007|entry|1": 4,
    "S02_c007|exit|1|S02_c008|entry|0": 3,
    "S02_c006|exit|1|S02_c008|entry|3": 2,
    "S02_c008|exit|0|S02_c007|entry|0": 2,
    "S02_c007|exit|0|S02_c006|entry|0": 4,
    "S02_c007|exit|0|S02_c008|entry|3": 7,
    "S02_c006|exit|1|S02_c008|entry|1": 3,
    "S02_c008|exit|1|S02_c006|entry|0": 5,
    "S02_c008|exit|1|S02_c007|entry|1": 6,
    "S02_c007|exit|1|S02_c008|entry|2": 1,
    "S02_c007|exit|1|S02_c006|entry|0": 2,
    "S02_c007|exit|1|S02_c008|entry|1": 2,
    "S02_c006|exit|2|S02_c007|entry|1": 1
  },
  "min_count": 2
}